epoch,train_loss_total,train_loss_nll,train_loss_kl,train_loss_penalty,train_acc,train_brier,val_loss_total,val_loss_nll,val_loss_kl,val_loss_penalty,val_acc,val_brier,param_count
1,2.2194707342918885,2.198719816004976,0.007141011737366306,0.01361000000000001,18.629166666666666,0.8781687596638997,2.0506544709205627,2.029903699954351,0.007140833418816328,0.013610000000000002,26.675,0.841507822672526,27220
2,1.9165767684895942,1.8958257309933926,0.0071410625737081184,0.01361000000000001,32.947916666666664,0.8115374336242676,1.7542616327603657,1.733510394891103,0.007141273468732834,0.013610000000000002,38.108333333333334,0.7732803344726562,27220
3,1.3607590984790883,1.3351127086801733,0.008828346359919994,0.016818,50.47083333333333,0.6534023501078288,1.278142789999644,1.2524962226549785,0.008828490972518921,0.016818,53.61666666666667,0.6181317443847656,33636
4,1.2137168138585193,1.1880697925040062,0.00882897353632019,0.016818,56.55,0.5922685991923015,1.1504873434702556,1.1248397032419841,0.008829629980027676,0.016818,57.69166666666667,0.5590195846557617,33636
5,0.9474440584791467,0.9215639017997904,0.008910170756280422,0.016970000000000006,65.9875,0.4594627768198649,0.9590160101652145,0.9331352512041727,0.008910789154469967,0.016969999999999996,65.79166666666667,0.46079072570800783,33940
6,0.8784767744388986,0.8525952481208964,0.008911544635416345,0.016970000000000006,68.0125,0.4234921792348226,0.856398398677508,0.8305160949627558,0.008912310004234314,0.016969999999999996,70.13333333333334,0.40569647725423175,33940
7,0.7546745006074297,0.7285599226647235,0.008992578398357046,0.01712199999999998,72.9625,0.36339111328125,0.7605043152968088,0.7343891511360804,0.008993163704872131,0.017122,73.25,0.36074632771809895,34244
8,0.7274299555636466,0.7013140079822946,0.008993955883891024,0.01712199999999998,73.85625,0.35171798133850096,0.7324545681476593,0.7063377102216085,0.00899488851428032,0.017122,73.08333333333333,0.35505531819661457,34244
9,0.6864011414507603,0.6553618819155591,0.010693270812167767,0.020345999999999982,75.28958333333334,0.33256777572631835,0.6762121617794037,0.6451727449893951,0.01069342065602541,0.020346,75.79166666666667,0.32984317525227863,40692
10,0.6573547606772565,0.6263151422460028,0.01069363313628004,0.020345999999999982,76.30208333333333,0.3213441791534424,0.6771948883930842,0.6461549947659174,0.010693921707570553,0.020346,75.375,0.33036254374186197,40692
11,0.6344434910632194,0.6032102057274352,0.010759272493739078,0.020473999999999996,77.00416666666666,0.31169684092203775,0.6355863511562347,0.6043529212474823,0.01075941976159811,0.020473999999999996,77.175,0.3109222412109375,40948
12,0.5984455575334265,0.5672119551516593,0.0107595849227398,0.020473999999999996,78.57916666666667,0.2941149711608887,0.6159441073735555,0.5847102602322897,0.010759823024272919,0.020473999999999996,78.125,0.300942253112793,40948
13,0.5934950189387544,0.5636671603994167,0.010276879600070893,0.01955099999999999,78.5375,0.29196878051757813,0.6164912531773249,0.5866630027691523,0.010277267545461655,0.019550999999999995,78.35,0.3038976287841797,39102
14,0.5857538542848952,0.5559250325598615,0.010277842488536176,0.01955099999999999,79.1,0.2885417607625326,0.5895518312851588,0.5597223887840906,0.010278481058776379,0.019550999999999995,79.15,0.2889980201721191,39102
15,0.5677368691627015,0.5317656271001125,0.0123952203727466,0.023576000000000017,80.80208333333333,0.2742997077306112,0.5882849991321564,0.5523141920566559,0.012394769117236137,0.023575999999999996,79.91666666666667,0.28402003479003907,47152
16,0.5566025255842412,0.5206315771062323,0.01239493061253365,0.023576000000000017,80.87291666666667,0.2680883108774821,0.5601386701067289,0.5241675054033598,0.012395158410072327,0.023575999999999996,81.38333333333334,0.2665740966796875,47152
17,0.5347364665345943,0.4984701745053555,0.012494297400909536,0.023771999999999998,82.03541666666666,0.255446099281311,0.5595895349979401,0.5233236327767372,0.012493888847529888,0.023771999999999998,81.74166666666666,0.26492796579996747,47544
18,0.5181142269296849,0.4818485613833082,0.012493670303770837,0.023771999999999998,82.80208333333333,0.24607218837738037,0.5538453459739685,0.5175797368089358,0.012493595480918884,0.023771999999999998,81.25,0.2664959411621094,47544
19,0.511484165140923,0.47663704448557914,0.012005125826343577,0.02284200000000001,82.88958333333333,0.24442837556203206,0.5349411740899086,0.5000942548116049,0.012004937045276165,0.022841999999999998,82.45833333333333,0.2549281883239746,45684
20,0.5072542447993096,0.47240712160759785,0.01200513048295645,0.02284200000000001,82.98541666666667,0.24238690026601156,0.5284414663910866,0.4935942019025485,0.012005262076854706,0.022841999999999998,82.71666666666667,0.24972704823811848,45684
21,0.49177888289411015,0.45833919466810025,0.011521692982220904,0.021918,83.44375,0.23501493136088053,0.4908553014198939,0.4574156825741132,0.011521621607244015,0.021917999999999997,84.15833333333333,0.23026568094889324,43836
22,0.488972285326491,0.45553225342263565,0.01152202722794832,0.021918,83.58125,0.23299985059102377,0.501774936914444,0.46833448360363644,0.011522452346980572,0.021917999999999997,83.74166666666666,0.23550882339477539,43836
23,0.4769917923085233,0.44355093418283664,0.011522857591192773,0.021918,84.13958333333333,0.2268636178970337,0.5044327874978384,0.4709912985563278,0.011523491702973843,0.021917999999999997,83.56666666666666,0.2362962646484375,43836
24,0.47927826008898144,0.4458360691019829,0.011524189620258961,0.021918,83.82708333333333,0.22892323207855225,0.4946668694416682,0.46122389286756516,0.011524973437190056,0.021917999999999997,83.98333333333333,0.23259465662638346,43836
25,0.4629991821786191,0.43095172719752534,0.01104745655221508,0.02100000000000001,84.55625,0.22078836504618327,0.5062330365180969,0.47418512652317685,0.01104789599776268,0.020999999999999994,83.0,0.2407417106628418,42000
26,0.46639021977465206,0.43434148963461533,0.011048733276572633,0.02100000000000001,84.32708333333333,0.22298765754699706,0.5011509830753008,0.4691014587879181,0.011049523018300533,0.020999999999999994,83.25,0.23932631556193035,42000
27,0.45183591195877565,0.4197857234072178,0.01105018970655634,0.02100000000000001,84.73125,0.21494036388397217,0.47989268104235333,0.44784173369407654,0.011050935834646225,0.020999999999999994,84.10833333333333,0.2264340540568034,42000
28,0.44852565641098835,0.41647396506147183,0.01105169119670036,0.02100000000000001,85.05416666666666,0.21331917095184327,0.4825584491093953,0.45050592720508575,0.011052509769797325,0.020999999999999994,83.725,0.2286570142110189,42000
29,0.4523347020149231,0.4202812694488688,0.011053433800314335,0.02100000000000001,84.68958333333333,0.21639514446258545,0.4702197114626567,0.43816540390253067,0.011054307222366333,0.020999999999999994,84.45833333333333,0.22151698430379232,42000
30,0.4461287190305426,0.4140735458820424,0.01105517353069909,0.02100000000000001,85.01875,0.21266548156738282,0.48338237156470615,0.45132623861233395,0.011056133545935154,0.020999999999999994,84.43333333333334,0.22540238444010416,42000
31,0.44964729598227965,0.4114421916768906,0.013175115127988319,0.025030000000000018,85.27708333333334,0.21155229568481446,0.4748493830362956,0.4366447404026985,0.013174649327993393,0.02503,84.775,0.22047063191731772,50060
32,0.44196034365511955,0.40375561282989825,0.013174743015081324,0.025030000000000018,85.35,0.20768162155151368,0.48309427748123807,0.44488974908987683,0.013174545019865036,0.02503,84.38333333333334,0.22434254709879559,50060
33,0.4354980784527799,0.3972935480006198,0.013174543196850635,0.025030000000000018,85.63958333333333,0.20448156293233236,0.46957484632730484,0.431370384991169,0.013174483552575111,0.02503,84.775,0.2185127716064453,50060
34,0.4375449089293784,0.39934021107693934,0.013174710537683456,0.025030000000000018,85.48125,0.20580558522542317,0.46448175112406415,0.42627687255541485,0.013174902647733688,0.02503,85.05,0.21448634338378905,50060
35,0.43431398272514343,0.3961088942720535,0.013175101455380308,0.025030000000000018,85.52291666666666,0.20503568935394287,0.4803788736462593,0.44217371940612793,0.013175170868635178,0.02503,84.83333333333333,0.22264795939127605,50060
36,0.43386931368645204,0.3956638834577926,0.013175442715750095,0.025030000000000018,85.60833333333333,0.20436136054992676,0.4678438926736514,0.4296383286515872,0.013175586238503456,0.02503,85.05,0.21679222106933593,50060
37,0.4260488450527191,0.38761561982175136,0.01325121829088064,0.02518200000000002,85.88958333333333,0.2000890572865804,0.46709953000148136,0.42866678535938263,0.013250745832920074,0.025182,84.78333333333333,0.21742611821492513,50364
38,0.42309757052583896,0.38466465536584243,0.01325090627800277,0.02518200000000002,86.08333333333333,0.19838236872355144,0.46352172394593555,0.4250887408852577,0.013250966556370258,0.025182,85.14166666666667,0.21444927469889322,50364
39,0.42510997107688414,0.3880877139720511,0.012765253240123708,0.024256999999999983,86.00833333333334,0.19975491364796957,0.4612085595726967,0.42418618003527325,0.012765372171998024,0.024256999999999997,85.2,0.21451166025797527,48514
40,0.41670614354153895,0.37968360997260886,0.012765529664590004,0.024256999999999983,86.17708333333333,0.1958969275156657,0.4463050936659177,0.40928226461013156,0.012765832245349884,0.024256999999999997,85.68333333333334,0.20585030746459962,48514
41,0.4085725019586847,0.3715493400046166,0.012766158446035486,0.024256999999999983,86.6375,0.19147150866190593,0.4564558416604996,0.419432299832503,0.012766540050506592,0.024256999999999997,85.56666666666666,0.20931258138020833,48514
42,0.4155228245765605,0.3784986658299223,0.01276715321743742,0.024256999999999983,86.2,0.19564269892374675,0.458025390903155,0.42100052535533905,0.012767866253852844,0.024256999999999997,85.21666666666667,0.21274316279093425,48514
43,0.4184269074429857,0.38140120785287085,0.012768693763683451,0.024256999999999983,86.15625,0.19644663016001385,0.44998447845379513,0.4129578347007434,0.012769635766744614,0.024256999999999997,85.425,0.20850963083902996,48514
44,0.4062985137422034,0.3692712143380591,0.012770295856480903,0.024256999999999983,86.68333333333334,0.190278582572937,0.45271245886882144,0.415684533615907,0.012770924717187881,0.024256999999999997,85.31666666666666,0.2092598457336426,48514
45,0.41094047338404555,0.3753113156937538,0.012291166495452536,0.023337999999999987,86.31875,0.19422095394134523,0.44259676337242126,0.4069673071304957,0.012291472405195236,0.023337999999999998,85.74166666666666,0.20555634943644205,46676
46,0.40549730937531653,0.3698673597041597,0.01229196134954691,0.023337999999999987,86.43125,0.19191768678029378,0.44574201355377835,0.410111370186011,0.012292666360735893,0.023337999999999998,85.64166666666667,0.20734481684366862,46676
47,0.410578597733315,0.36759017059143556,0.014826426916617029,0.028162000000000017,86.55625,0.1903221934636434,0.4455089718103409,0.40252144634723663,0.014825536869466305,0.028162000000000003,86.075,0.2016833267211914,56324
48,0.40686305659882566,0.36387600670469566,0.014825044873547046,0.028162000000000017,86.775,0.18906833012898763,0.4418896809220314,0.3989032283425331,0.0148244583979249,0.028162000000000003,86.06666666666666,0.20152145131429036,56324
49,0.40447906420585955,0.36116941114689444,0.014931643441160942,0.02837800000000001,86.78958333333334,0.18723794301350913,0.449891318877538,0.4065823455651601,0.014930963516235352,0.02837800000000001,85.46666666666667,0.20657755406697592,56756
50,0.4008383357778509,0.35752998070513947,0.014930345276568798,0.02837800000000001,86.825,0.18604675451914468,0.44253263622522354,0.39922473579645157,0.014929892495274544,0.02837800000000001,85.65833333333333,0.20266517130533854,56756
51,0.3976326920884721,0.35432488550531105,0.014929796232188002,0.02837800000000001,87.08333333333333,0.1839345267613729,0.4498167981704076,0.40650907655556995,0.014929702505469322,0.02837800000000001,85.50833333333334,0.2049128875732422,56756
52,0.3959478964196875,0.3526403415710368,0.01492954560733856,0.02837800000000001,87.09166666666667,0.18321142323811848,0.436998891333739,0.39369158695141476,0.014929288998246193,0.02837800000000001,86.325,0.19768424224853515,56756
53,0.39233589235772476,0.34902880990758856,0.014929072535101404,0.02837800000000001,87.25,0.18138301054636638,0.4436330397923787,0.40032609303792316,0.014928938820958138,0.02837800000000001,85.90833333333333,0.20152637354532876,56756
54,0.39337113182595435,0.35006416541464785,0.014928958497624448,0.02837800000000001,87.19791666666667,0.18193779373168945,0.43346526722113293,0.3901582608620326,0.014929000288248062,0.02837800000000001,86.675,0.19522120920817057,56756
55,0.38923423848253613,0.34734350696523136,0.014439723850723276,0.02745099999999998,87.4,0.17980803140004475,0.4400317743420601,0.39814186841249466,0.014438905753195286,0.027451,86.375,0.19947272364298502,54902
56,0.39511631587718393,0.3532267358708889,0.01443857081392978,0.02745099999999998,87.02916666666667,0.18400577640533447,0.44443169484535855,0.4025421167413394,0.014438563957810402,0.027451,86.1,0.20166659545898438,54902
57,0.38748848565081334,0.3455988568194369,0.01443862045144147,0.02745099999999998,87.325,0.17984869956970215,0.43564946204423904,0.39375976473093033,0.014438686892390251,0.027451,86.69166666666666,0.1967934290568034,54902
58,0.3842107888231886,0.3423210401484307,0.014438741483745422,0.02745099999999998,87.40416666666667,0.17759226004282633,0.42876873165369034,0.38687891513109207,0.014438815414905548,0.027451,86.5,0.19346575419108072,54902
59,0.38341176192811194,0.3415217082551185,0.014439046541427044,0.02745099999999998,87.59375,0.1772153402964274,0.4394483541448911,0.3975577925642331,0.01443956233561039,0.027451,86.125,0.20084415817260742,54902
60,0.38216517199861244,0.34027442019036475,0.014439741189175464,0.02745099999999998,87.54375,0.17753029219309488,0.4371736099322637,0.39528275032838184,0.014439847320318222,0.027451,86.26666666666667,0.19741769536336262,54902
61,0.3794827423197158,0.33899443263703205,0.013958311203787935,0.026529999999999967,87.53958333333334,0.17642435773213705,0.44041429211695987,0.39992619802554447,0.013958103954792023,0.026529999999999998,86.01666666666667,0.20048319244384766,53060
62,0.37980975559417235,0.3393211967133461,0.013958561907898872,0.026529999999999967,87.64166666666667,0.17603716150919596,0.4275336240728696,0.3870448147257169,0.013958822935819626,0.026529999999999998,86.34166666666667,0.19434163665771484,53060
63,0.3725241549471591,0.332034928367493,0.013959229527477255,0.026529999999999967,87.88541666666667,0.17221473503112794,0.4311539853612582,0.39066434154907864,0.013959660194814205,0.026529999999999998,86.38333333333334,0.19550668716430664,53060
64,0.37787464578100977,0.33877531581736625,0.013484323853032385,0.025614999999999968,87.70625,0.17534199778238932,0.4367336531480153,0.39763401945432025,0.013484627939760685,0.025615,86.625,0.19729581832885743,51230
65,0.37210040777287584,0.3330001691554455,0.013485232764419089,0.025614999999999968,87.73541666666667,0.17311036173502603,0.4198411703109741,0.3807402551174164,0.013485896401107311,0.025615,86.74166666666666,0.1913344472249349,51230
66,0.36699019594395416,0.327888548374176,0.013486640943967282,0.025614999999999968,88.17083333333333,0.1697715981801351,0.4183994059761365,0.379296970864137,0.013487440533936024,0.025615,87.0,0.1892859230041504,51230
67,0.3652456561301617,0.32614242333046933,0.013488226590004372,0.025614999999999968,88.10208333333334,0.16897265497843425,0.4193502763907115,0.3802461127440135,0.013489147648215294,0.025615,86.825,0.19001564534505208,51230
68,0.36965691092166497,0.3305519350031589,0.013489970996817376,0.025614999999999968,87.81875,0.17230307197570802,0.4201506848136584,0.3810448224345843,0.013490849174559116,0.025615,87.0,0.19091156768798828,51230
69,0.3635102459724913,0.3244034654282509,0.013491775166798146,0.025614999999999968,88.14166666666667,0.1687400204340617,0.42560165127118427,0.38649417956670123,0.013492456637322903,0.025615,86.48333333333333,0.1932429084777832,51230
70,0.3674982614973758,0.32977049338056685,0.013021763037652411,0.02470599999999999,87.97916666666667,0.1704318110148112,0.42041610181331635,0.382687970995903,0.013022128492593765,0.024706000000000002,86.6,0.19266809209187827,49412
71,0.3632819544761739,0.32555315342355284,0.013022794606203729,0.02470599999999999,88.03333333333333,0.16906441529591879,0.42944683879613876,0.3917172774672508,0.013023551553487778,0.024706000000000002,86.51666666666667,0.1954791628519694,49412
72,0.3620341616742154,0.32430365110965487,0.013024502968851557,0.02470599999999999,88.19375,0.16817197291056316,0.42585791399081546,0.3881265347202619,0.013025365769863129,0.024706000000000002,86.44166666666666,0.1945410957336426,49412
73,0.3543202705839847,0.3165881595713027,0.013026104625710782,0.02470599999999999,88.55416666666666,0.1643150587081909,0.41887911409139633,0.38114624470472336,0.01302685309201479,0.024706000000000002,86.59166666666667,0.19146859614054362,49412
74,0.36238139423918214,0.32601830490092015,0.012560095638036728,0.023803000000000008,88.25208333333333,0.16777762285868328,0.4145377054810524,0.3781740441918373,0.012560665607452393,0.023802999999999994,86.975,0.18815778350830079,47606
75,0.35843200189002017,0.32206739326740835,0.01256161333715662,0.023803000000000008,88.37291666666667,0.1670841989517212,0.41818976898988086,0.38182419290145236,0.012562587857246399,0.023802999999999994,86.83333333333333,0.18898695755004882,47606
76,0.35267588749844975,0.3163093423589747,0.012563549893650603,0.023803000000000008,88.48958333333333,0.16383569399515788,0.41024167835712433,0.3738740235567093,0.012564652599394321,0.023802999999999994,87.125,0.1845725034077962,47606
77,0.35420852075231835,0.31783992432533426,0.012565601716174725,0.023803000000000008,88.38541666666667,0.16500272432963053,0.42416070650021237,0.3877912039558093,0.01256650872528553,0.023802999999999994,86.46666666666667,0.19393778864542643,47606
78,0.36136876966090914,0.31764969356516576,0.015098086696989994,0.028621000000000004,88.36875,0.16545499197642008,0.4248640264074008,0.38114550958077115,0.015097519382834435,0.028621000000000004,86.54166666666667,0.19214941024780274,57242
79,0.36210708415254633,0.31838866307380354,0.01509743183851242,0.028621000000000004,88.34166666666667,0.16662169615427652,0.42344698309898376,0.37972864508628845,0.015097353607416153,0.028621000000000004,86.71666666666667,0.19132540893554686,57242
80,0.35996733574157064,0.3162487504330087,0.015097597514853832,0.028621000000000004,88.3125,0.16540887387593586,0.42803435275952023,0.3843152994910876,0.015098074451088905,0.028621000000000004,86.55,0.1936488939921061,57242
81,0.35275621553684805,0.30903696252944624,0.015098265233509083,0.028621000000000004,88.9,0.1604241288503011,0.4213111375768979,0.3775916670759519,0.015098483301699162,0.028621000000000004,87.30833333333334,0.18588064829508463,57242
82,0.35147075703803526,0.3077510741162807,0.01509869284927845,0.028621000000000004,88.71458333333334,0.1606625960667928,0.4199124077955882,0.37619272867838544,0.015098699368536472,0.028621000000000004,87.33333333333333,0.18610001881917318,57242
83,0.34812408051592236,0.30440435511000613,0.01509873416433309,0.028621000000000004,88.83541666666666,0.1590078541437785,0.4288919096191724,0.3851721112926801,0.015098800882697105,0.028621000000000004,86.75,0.19266665522257487,57242
84,0.3489534613933969,0.3052335945849723,0.0150988795497316,0.028621000000000004,88.82708333333333,0.15959337170918783,0.41403675824403763,0.37031684070825577,0.015098940581083298,0.028621000000000004,87.43333333333334,0.1823295694986979,57242
85,0.3476059316320622,0.30388558893761736,0.01509935283993787,0.028621000000000004,88.87916666666666,0.15869628651936848,0.4196367139617602,0.3759160215655963,0.015099718235433102,0.028621000000000004,87.05833333333334,0.18653444035847982,57242
86,0.3539271868289785,0.3102061653390844,0.015100036589230629,0.028621000000000004,88.6875,0.1629909995396932,0.4246836230158806,0.38096215575933456,0.01510048471391201,0.028621000000000004,86.61666666666666,0.1926571388244629,57242
87,0.35062698100475553,0.3069051015884318,0.01510089126593889,0.028621000000000004,88.61666666666666,0.16079322910308838,0.42758849759896594,0.3838661660750707,0.015101341530680656,0.028621000000000004,86.65833333333333,0.19213389205932618,57242
88,0.3488439327858864,0.3051211618362589,0.015101784007980469,0.028621000000000004,88.83125,0.16019585625330607,0.42985686908165616,0.38613370309273404,0.015102166682481766,0.028621000000000004,86.46666666666667,0.19383387502034505,57242
89,0.3443544988936566,0.3006310716588446,0.01510243831162757,0.028621000000000004,88.8875,0.15781806627909342,0.4302554527918498,0.38653180996576947,0.015102657489478588,0.028621000000000004,86.70833333333333,0.19270649973551432,57242
90,0.34258123788427797,0.29885739214876866,0.015102857406786147,0.028621000000000004,89.03333333333333,0.1567504316965739,0.4266461332639058,0.38292181740204495,0.015103325247764587,0.028621000000000004,86.94166666666666,0.19023634211222332,57242
91,0.34611456825378095,0.302089569099406,0.015204006033216385,0.02882099999999999,88.8875,0.1586446754137675,0.4171717017889023,0.3731469660997391,0.015203747898340225,0.02882099999999999,87.24166666666666,0.18445458348592123,57642
92,0.341392494262533,0.2973678295916699,0.015203672916965281,0.02882099999999999,88.98333333333333,0.15588454437255858,0.42430243889490765,0.38027764360109967,0.015203814953565598,0.02882099999999999,86.96666666666667,0.18808554458618165,57642
93,0.3412937230252205,0.29726857200581974,0.0152041587106725,0.02882099999999999,89.09791666666666,0.155698055267334,0.4091194619735082,0.36509404083093006,0.015204431489109993,0.02882099999999999,87.55,0.18186183802286784,57642
94,0.33872721613721646,0.2947014456099652,0.015204777505169523,0.02882099999999999,89.10625,0.15510915501912434,0.42560576647520065,0.38157954066991806,0.015205240808427334,0.02882099999999999,86.88333333333334,0.19013094202677408,57642
95,0.3441989732549546,0.30017225412612264,0.015205727731610866,0.02882099999999999,89.05208333333333,0.1568353656133016,0.4062804604570071,0.3622533107797305,0.015206163749098778,0.02882099999999999,87.55,0.18043780771891277,57642
96,0.3326113293779657,0.28858382651146425,0.01520651123149598,0.02882099999999999,89.4625,0.15076634645462036,0.42471856872240704,0.3806907335917155,0.015206840820610523,0.02882099999999999,86.96666666666667,0.18962326176961264,57642
97,0.3370404382969471,0.29301229975324994,0.015207146472753362,0.02882099999999999,89.18333333333334,0.15421991189320883,0.4185549666484197,0.3745260586341222,0.01520790345966816,0.02882099999999999,87.20833333333333,0.18644472122192382,57642
98,0.3383150703095375,0.2942856138056897,0.015208465364226636,0.02882099999999999,89.14166666666667,0.15480934619903564,0.42343856890996295,0.379408319791158,0.0152092594653368,0.02882099999999999,86.925,0.18818375651041666,57642
99,0.3342214987633076,0.29019053629104125,0.015209971629875772,0.02882099999999999,89.35208333333334,0.15214164574941,0.4189452777306239,0.37491389612356824,0.015210400335490704,0.02882099999999999,87.00833333333334,0.18670021184285482,57642
100,0.3325016821952576,0.28847021086418884,0.015210479834770902,0.02882099999999999,89.39583333333333,0.15198653984069824,0.41498330732186633,0.37095153828461963,0.015210766345262527,0.02882099999999999,87.26666666666667,0.18500567881266275,57642
101,0.3342937212041084,0.29026139511706983,0.015211331658065319,0.02882099999999999,89.33125,0.15261498514811198,0.4074924762050311,0.3634594554702441,0.015212016180157661,0.02882099999999999,87.60833333333333,0.18063837941487632,57642
102,0.3314893442265531,0.2874556564270182,0.015212697016590454,0.02882099999999999,89.39375,0.1513310071627299,0.4187623088558515,0.3747280662258466,0.015213241800665855,0.02882099999999999,87.10833333333333,0.1852518450419108,57642
103,0.3323903033073912,0.2883555106026061,0.01521380162461007,0.02882099999999999,89.27916666666667,0.15239266570409138,0.4188492198785146,0.37481390436490375,0.015214311890304089,0.02882099999999999,87.04166666666667,0.18507054138183593,57642
104,0.33005801160284814,0.28602212191896237,0.015214898583895348,0.02882099999999999,89.43541666666667,0.1506510534286499,0.4088074763615926,0.36477117737134296,0.015215299092233181,0.02882099999999999,87.61666666666666,0.17993422317504884,57642
105,0.33140247045679294,0.28736559095534875,0.015215887450315851,0.02882099999999999,89.39375,0.15165045070648192,0.4211796596646309,0.3771420493721962,0.015216629020869732,0.02882099999999999,87.54166666666667,0.18442470041910808,57642
106,0.3279596839813476,0.283921499518638,0.015217194690349255,0.02882099999999999,89.36875,0.15007389577229818,0.4087839474280675,0.36474522451559704,0.01521773636341095,0.02882099999999999,87.7,0.1788051528930664,57642
107,0.33078835238801674,0.28674898788015896,0.015218374576974423,0.02882099999999999,89.38125,0.15139093748728435,0.4092552860577901,0.3652152915795644,0.015219015069305897,0.02882099999999999,87.21666666666667,0.1814135258992513,57642
108,0.32453283984610376,0.28049236218980017,0.015219486417605522,0.02882099999999999,89.53125,0.1480711056391398,0.4108992666006088,0.3668583184480667,0.01521996222436428,0.02882099999999999,87.59166666666667,0.18173383967081705,57642
109,0.3269097405545255,0.2828681424577185,0.015220605391771235,0.02882099999999999,89.49375,0.1496133623123169,0.41264254599809647,0.36860013753175735,0.015221411362290382,0.02882099999999999,87.725,0.1818834597269694,57642
110,0.32571965392599717,0.28167639260596417,0.015222268476289637,0.02882099999999999,89.63958333333333,0.14832745138804118,0.41936135043700534,0.3753173326452573,0.015223033726215363,0.02882099999999999,87.35,0.18443559137980142,57642
111,0.3276185469424471,0.2835740218771265,0.015223531646931425,0.02882099999999999,89.53958333333334,0.14949281056722005,0.4050520583987236,0.36100687831640244,0.015224196016788483,0.02882099999999999,87.36666666666666,0.1802012430826823,57642
112,0.3228154049274769,0.2787695714133851,0.015224843028377979,0.02882099999999999,89.77916666666667,0.14649387152989704,0.42308564484119415,0.37903912365436554,0.015225520357489586,0.02882099999999999,87.25833333333334,0.18667516072591145,57642
113,0.32104190549951916,0.27699488242889975,0.015226031435613937,0.02882099999999999,89.78333333333333,0.14605204677581787,0.4184067149957021,0.3743592103322347,0.0152265140786767,0.02882099999999999,87.50833333333334,0.1830979092915853,57642
114,0.32787882647615796,0.28383032406898256,0.015227510256970183,0.02882099999999999,89.51458333333333,0.1500146622657776,0.41679659982522327,0.37274718781312305,0.015228410251438618,0.02882099999999999,87.14166666666667,0.1854651222229004,57642
115,0.32522243388155675,0.2811721040213362,0.015229335292539697,0.02882099999999999,89.61458333333333,0.14905733299255372,0.4159766882658005,0.371925488114357,0.015230217948555946,0.02882099999999999,87.6,0.18245871098836264,57642
116,0.3260268207560194,0.28197477599407766,0.0152310543158587,0.02882099999999999,89.45833333333333,0.14935722796122233,0.41776884098847705,0.3737158825000127,0.015231977216899395,0.02882099999999999,87.39166666666667,0.18433082580566407,57642
117,0.3234685779886043,0.27941468516562845,0.015232900692585935,0.02882099999999999,89.625,0.14761800622940063,0.40364808092514676,0.35959327469269436,0.015233823098242283,0.02882099999999999,87.85833333333333,0.17686831919352214,57642
118,0.32526675120313114,0.28121087335525674,0.015234886668622494,0.02882099999999999,89.48541666666667,0.1489189338684082,0.4209313044945399,0.37687444190184277,0.015235860832035542,0.02882099999999999,87.38333333333334,0.18624945449829103,57642
119,0.3211566907294253,0.2770990035001268,0.015236692067156447,0.02882099999999999,89.7375,0.14618876314163207,0.41501642266909283,0.370957891146342,0.015237534418702126,0.02882099999999999,87.26666666666667,0.18492805989583333,57642
120,0.31504039117630495,0.2709813152856015,0.015238084850159097,0.02882099999999999,90.00625,0.14339645306269327,0.4140841563542684,0.3700245221455892,0.015238644555211067,0.02882099999999999,87.35833333333333,0.1824704729715983,57642
121,0.31487815621051385,0.27081793102812257,0.015239231328063823,0.02882099999999999,89.94166666666666,0.14330990203221639,0.4009268383185069,0.3568660418192546,0.01523981150239706,0.02882099999999999,87.75,0.1763930180867513,57642
122,0.31566025411829035,0.2715989719045923,0.015240289171800968,0.02882099999999999,89.95,0.14364556996027628,0.41997745881477994,0.37591541061798733,0.015241061337292194,0.02882099999999999,87.075,0.18549110539754232,57642
123,0.3243050974734286,0.2802421380864813,0.01524196733581893,0.02882099999999999,89.59583333333333,0.14874970595041911,0.4072922319173813,0.36322830617427826,0.015242920257151127,0.02882099999999999,87.825,0.17899368158976237,57642
124,0.31845541964185997,0.2743907824475714,0.01524364468740656,0.02882099999999999,89.84583333333333,0.14507826375961302,0.4088017965356509,0.364736112455527,0.015244679525494576,0.02882099999999999,87.45,0.18033165868123371,57642
125,0.3156313547428618,0.27156505083784144,0.015245310664969557,0.02882099999999999,89.96666666666667,0.14348831828435263,0.4097188164790471,0.3656517018874486,0.01524612307548523,0.02882099999999999,87.50833333333334,0.1811472511291504,57642
126,0.312754584119675,0.268686720982511,0.015246873701664996,0.02882099999999999,90.13541666666667,0.14159997336069743,0.4133901223540306,0.3693213686347008,0.015247758477926254,0.02882099999999999,87.56666666666666,0.18096575546264648,57642
127,0.3143937200941938,0.2703241937338038,0.015248533952584926,0.02882099999999999,90.01041666666667,0.1430585748354594,0.41388974835475284,0.36981947471698123,0.015249282121658325,0.02882099999999999,87.66666666666667,0.18185337829589843,57642
128,0.31226931353832815,0.2681983417653023,0.015249977462944831,0.02882099999999999,90.05208333333333,0.14190319267908733,0.41609061509370804,0.37201879173517227,0.015250838361680508,0.02882099999999999,87.6,0.1828287353515625,57642
129,0.3151980809708859,0.2711250560080751,0.015252034635619914,0.02882099999999999,89.92291666666667,0.14386509084701538,0.4144861474633217,0.3704117611050606,0.015253406949341297,0.02882099999999999,87.875,0.17937894948323568,57642
130,0.3166328915890227,0.27255749068361645,0.015254407328494052,0.02882099999999999,89.84375,0.14478894440333048,0.4122382154067357,0.3681616534789403,0.015255571343004704,0.02882099999999999,87.44166666666666,0.18042208480834962,57642
131,0.31373715273877406,0.269659253511023,0.015256906839761329,0.02882099999999999,89.88125,0.14340390141805012,0.41096916298071545,0.36689012746016186,0.01525804027915001,0.02882099999999999,87.825,0.1793086051940918,57642
132,0.31233851326272843,0.2682583693494188,0.015259151584766012,0.02882099999999999,90.1,0.14206341536839803,0.4122488697369893,0.36816756923993427,0.015260307118296623,0.02882099999999999,87.40833333333333,0.18086164728800455,57642
133,0.31252342018675294,0.2684411495289904,0.01526127971629513,0.02882099999999999,90.0375,0.14231368144353232,0.4107539306084315,0.3666703949371974,0.015262555330991745,0.02882099999999999,87.51666666666667,0.1814874521891276,57642
134,0.31679508470474405,0.2727102630950035,0.01526382836968975,0.02882099999999999,89.85833333333333,0.1443421883583069,0.4142195408542951,0.37013335277636844,0.015265182591974735,0.02882099999999999,87.64166666666667,0.18155664825439452,57642
135,0.310745488455955,0.26665814062382315,0.015266356771772212,0.02882099999999999,90.13958333333333,0.14107858594258627,0.4064578264951706,0.36236952245235443,0.015267299488186836,0.02882099999999999,87.83333333333333,0.17686780039469402,57642
136,0.3103441792599698,0.2662549212257913,0.015268264140220398,0.02882099999999999,90.15,0.1410440975824992,0.41771535327037174,0.3736249928673108,0.015269368886947632,0.02882099999999999,87.14166666666667,0.18527187220255534,57642
137,0.30770536749920946,0.2636139855739918,0.015270391340426941,0.02882099999999999,90.13958333333333,0.13991029707590738,0.4180310194691022,0.3739387517174085,0.015271276235580444,0.02882099999999999,87.54166666666667,0.18209043248494466,57642
138,0.3054047721497556,0.26131171431947264,0.015272066076385213,0.02882099999999999,90.22708333333334,0.13895789432525635,0.4050961236159007,0.3610020975271861,0.015273046679794788,0.02882099999999999,88.01666666666667,0.1764301668802897,57642
139,0.30628377389400563,0.2621886111954425,0.015274171459865062,0.02882099999999999,90.15416666666667,0.13907714573542276,0.42157334834337234,0.3774770274758339,0.01527531910687685,0.02882099999999999,87.725,0.18248620986938477,57642
140,0.3091460862692366,0.2650488294819568,0.015276265211720416,0.02882099999999999,90.08958333333334,0.1411209217707316,0.4119049509366353,0.3678065439065297,0.015277410857379436,0.02882099999999999,87.74166666666666,0.17873222859700522,57642
141,0.30597080734181914,0.26187118697673717,0.015278629066937782,0.02882099999999999,90.37916666666666,0.13894370571772258,0.4185671806335449,0.37446630249420804,0.015279874205589294,0.02882099999999999,87.525,0.18400711186726887,57642
142,0.3024973583982346,0.25839536811443087,0.015280998054336994,0.02882099999999999,90.47083333333333,0.1371349614461263,0.4247572273015976,0.3806542282303174,0.015282000415027142,0.02882099999999999,87.29166666666667,0.1857713991800944,57642
143,0.3064055728151443,0.2623014703710028,0.015283109303167525,0.02882099999999999,90.21458333333334,0.13927980724970498,0.41717178622881573,0.373066487411658,0.015284314751625061,0.02882099999999999,87.53333333333333,0.1818324686686198,57642
144,0.30937774574502985,0.2652711703422222,0.015285585471924315,0.02882099999999999,90.1125,0.14128486808141072,0.40537426869074505,0.36126623551050824,0.015287046320736408,0.02882099999999999,87.71666666666667,0.17764549128214518,57642
145,0.3087714010096611,0.2646620061169279,0.015288402623635657,0.02882099999999999,90.19375,0.14053447564442953,0.40742870916922885,0.36331823219855625,0.015289477072656155,0.02882099999999999,87.9,0.17732014338175456,57642
146,0.30183842651387477,0.25772712554069277,0.015290311359344645,0.02882099999999999,90.45,0.13694816398620605,0.4060714741547902,0.36195917924245197,0.015291307121515274,0.02882099999999999,87.775,0.17687830861409506,57642
147,0.2997232219006153,0.2556099828253401,0.015292246290977965,0.02882099999999999,90.58541666666666,0.13526110585530599,0.4163739134867986,0.3722595622142156,0.015293346717953682,0.02882099999999999,87.825,0.17933989334106445,57642
148,0.29910369692964756,0.25498825058023983,0.015294452356372742,0.02882099999999999,90.54583333333333,0.1349770154953003,0.4112239753206571,0.3671073590715726,0.01529562659561634,0.02882099999999999,87.73333333333333,0.17829586537679037,57642
149,0.30022268314310846,0.2561049524773943,0.015296736197110186,0.02882099999999999,90.56458333333333,0.1357628951072693,0.4115324815114339,0.36741339166959125,0.015298093669116497,0.02882099999999999,87.88333333333334,0.17822667694091796,57642
150,0.29649111565123215,0.2523709687780827,0.015299154722944219,0.02882099999999999,90.70208333333333,0.13382597637176513,0.4075562035044034,0.36343493809302646,0.0153002655133605,0.02882099999999999,87.75,0.1770982233683268,57642
151,0.29583284195433274,0.25171050778094756,0.015301341052226563,0.02882099999999999,90.62708333333333,0.13360980304082234,0.4118737429380417,0.3677500933408737,0.015302671119570732,0.02882099999999999,87.70833333333333,0.17909671783447265,57642
152,0.30259027823488766,0.2584652285626594,0.01530405672940802,0.02882099999999999,90.35416666666667,0.13724297126134236,0.4150267690420151,0.37090010941028595,0.015305675566196442,0.02882099999999999,87.91666666666667,0.1785919952392578,57642
153,0.2991547923772893,0.2550268829502958,0.01530691725697289,0.02882099999999999,90.44791666666667,0.13565376631418863,0.4086269214749336,0.3644977882504463,0.01530814915895462,0.02882099999999999,87.775,0.17807136154174805,57642
154,0.2989998494691037,0.2548693234616138,0.015309531974824184,0.02882099999999999,90.5875,0.13546607319513956,0.4082898572087288,0.36415813118219376,0.015310743823647499,0.02882099999999999,87.775,0.1790891202290853,57642
155,0.30133852235814357,0.2572052779983967,0.01531224854369747,0.02882099999999999,90.40208333333334,0.13680646594365437,0.41365502526362735,0.369520199795564,0.01531383115798235,0.02882099999999999,87.64166666666667,0.17982408777872722,57642
156,0.29623922800764124,0.2521029292268956,0.015315305699217827,0.02882099999999999,90.69166666666666,0.13389688142140707,0.41135389854510623,0.3672163312633832,0.015316583216190338,0.02882099999999999,87.43333333333334,0.18067649459838866,57642
157,0.2942014178063007,0.2500625385883007,0.015317887741517513,0.02882099999999999,90.8,0.13238500118255614,0.4317164197564125,0.38757628947496414,0.015319136902689934,0.02882099999999999,87.25833333333334,0.18629699834187827,57642
158,0.299153079060798,0.2550115426804157,0.015320544230177048,0.02882099999999999,90.57291666666667,0.13562451457977295,0.4134431680043538,0.3692999978860219,0.01532217301428318,0.02882099999999999,87.93333333333334,0.17817568079630533,57642
159,0.29231574560733553,0.24817137578700452,0.015323378244771603,0.02882099999999999,90.91041666666666,0.1319280808766683,0.423723928630352,0.3795783743262291,0.015324554406106472,0.02882099999999999,87.825,0.18113348642985025,57642
160,0.2949965066732244,0.2508497013056532,0.015325812801243142,0.02882099999999999,90.65833333333333,0.13292822726567585,0.4234379356106122,0.37928955008586246,0.015327389352023602,0.02882099999999999,87.70833333333333,0.18167476018269857,57642
161,0.2948229966011453,0.2506733042128543,0.015328700574947165,0.02882099999999999,90.70208333333333,0.13336492999394733,0.40977655599514645,0.36562563727299374,0.015329932793974876,0.02882099999999999,87.64166666666667,0.17904896036783854,57642
162,0.29512372422725597,0.2509714723267454,0.01533125798673706,0.02882099999999999,90.55416666666666,0.13385476191838583,0.43253475179274875,0.388381061454614,0.015332712791860104,0.02882099999999999,87.15833333333333,0.1870941645304362,57642
163,0.29454585275751477,0.2503907005203531,0.015334160839940639,0.02882099999999999,90.7875,0.13324278672536213,0.41664189100265503,0.3724852204322815,0.01533566601574421,0.02882099999999999,87.64166666666667,0.17985422388712566,57642
164,0.29498033827923714,0.25082218647003174,0.015337158906015945,0.02882099999999999,90.55625,0.13366535409291586,0.41934698323408764,0.37518727282683056,0.015338722616434097,0.02882099999999999,87.70833333333333,0.18265566762288413,57642
165,0.29330470872686265,0.24914370794245538,0.01534000851530978,0.02882099999999999,90.72708333333334,0.13261888027191163,0.41596558938423794,0.37180328617493313,0.0153413200750947,0.02882099999999999,87.81666666666666,0.18087230173746746,57642
166,0.2930501033651068,0.2488862859441879,0.015342823705299104,0.02882099999999999,90.73333333333333,0.13242598581314086,0.42646672079960507,0.38230125854412716,0.015344463288784027,0.02882099999999999,87.26666666666667,0.185529109954834,57642
167,0.29041871206557496,0.24625185290549664,0.015345863423290406,0.02882099999999999,90.9,0.13063235298792522,0.4147651270031929,0.3705969527363777,0.015347185544669628,0.02882099999999999,87.81666666666666,0.17948159408569336,57642
168,0.29481211843642785,0.2506424673694245,0.015348656439876303,0.02882099999999999,90.64583333333333,0.13363385995229085,0.42565400898456573,0.381482794880867,0.01535023096948862,0.02882099999999999,87.625,0.1821973673502604,57642
169,0.28939952875705477,0.24522687019185818,0.015351668178559617,0.02882099999999999,90.77083333333333,0.13076319058736166,0.40571554998556775,0.3615414450565974,0.0153531264513731,0.02882099999999999,88.18333333333334,0.17629237747192383,57642
170,0.2882654720798452,0.244090014949758,0.015354464960066563,0.02882099999999999,90.93333333333334,0.1298550885518392,0.4122140904267629,0.36803727348645526,0.015355818904936314,0.02882099999999999,87.975,0.17829587427775065,57642
171,0.28867689979837297,0.24449848177585196,0.015357423870962984,0.02882099999999999,90.875,0.1304532167116801,0.4125779370466868,0.3683979908625285,0.015358961187303066,0.02882099999999999,87.975,0.1785200513203939,57642
172,0.28651852683818085,0.24233732007919473,0.015360212924474098,0.02882099999999999,90.99791666666667,0.1290866003036499,0.4111339996258418,0.36695122222105664,0.015361779369413853,0.02882099999999999,87.975,0.17606243006388347,57642
173,0.28555764701772246,0.24137347619584265,0.015363176769398629,0.02882099999999999,90.9625,0.12859173250198364,0.4098752637704213,0.3656895160675049,0.01536475121974945,0.02882099999999999,88.05,0.1776065279642741,57642
174,0.28319785347644316,0.23901072905418722,0.015366130785897691,0.02882099999999999,91.10833333333333,0.1269986333847046,0.419624666372935,0.37543601791063946,0.015367649495601654,0.02882099999999999,87.75833333333334,0.18151616923014324,57642
175,0.28726678516002413,0.2430767740340943,0.015369015290065015,0.02882099999999999,91.00416666666666,0.12922874704996745,0.4126175021131833,0.3684259032209714,0.015370612032711506,0.02882099999999999,87.68333333333334,0.17881857935587564,57642
176,0.2880970702526417,0.24390377516442158,0.015372302997461024,0.02882099999999999,91.05625,0.12977190351486206,0.4029128973682721,0.358717901011308,0.015373993664979935,0.02882099999999999,87.85,0.1758723882039388,57642
177,0.2829146420067929,0.23871802776417833,0.01537561822841142,0.02882099999999999,91.14166666666667,0.1266419366200765,0.4249625504016876,0.3807644546031952,0.015377108007669449,0.02882099999999999,87.90833333333333,0.18103205108642578,57642
178,0.2845776033528308,0.24037793056761964,0.015378679584791052,0.02882099999999999,91.06875,0.12863928953806558,0.41052403797705966,0.36632278313239414,0.015380269847810268,0.02882099999999999,88.01666666666667,0.1757654800415039,57642
179,0.286368505751833,0.24216576522969185,0.015381747044305852,0.02882099999999999,91.00625,0.12889114554723105,0.41462336480617523,0.3704189211130142,0.015383460558950901,0.02882099999999999,87.61666666666666,0.17970526123046876,57642
180,0.28265014607855615,0.23844422495111506,0.015384927273113677,0.02882099999999999,91.06666666666666,0.12690668535232544,0.42323290556669235,0.3790254518389702,0.015386473387479782,0.02882099999999999,87.48333333333333,0.18132065200805664,57642
181,0.2867360863279789,0.24252676393123382,0.01538832628346504,0.02882099999999999,90.97083333333333,0.129165855884552,0.42150313903888065,0.37729184081157047,0.01539031695574522,0.02882099999999999,87.75833333333334,0.18097411600748697,57642
182,0.2828588200376389,0.2386459213622073,0.015391902621597685,0.02882099999999999,91.12083333333334,0.12728473965326945,0.4162462279200554,0.37203168123960495,0.01539355143904686,0.02882099999999999,87.85833333333333,0.17800788497924805,57642
183,0.27982289708675223,0.23560669320694944,0.015395209173414302,0.02882099999999999,91.25,0.12548608239491782,0.4190385639667511,0.37482085824012756,0.015396707691252232,0.02882099999999999,87.90833333333333,0.1797802759806315,57642
184,0.2797998862063631,0.23558065200105627,0.015398240212271822,0.02882099999999999,91.2875,0.12528741470972696,0.42635906239350635,0.38213834663232166,0.015399725176393986,0.02882099999999999,87.41666666666667,0.18410026041666666,57642
185,0.28208471105453814,0.2378625527341315,0.015401161731557643,0.02882099999999999,91.225,0.12651707569758097,0.4123837302128474,0.368159885207812,0.015402864664793015,0.02882099999999999,87.725,0.17766258748372396,57642
186,0.2803355807319601,0.23610993649097198,0.015404646998231715,0.02882099999999999,91.29791666666667,0.1258262063662211,0.42352637896935147,0.37929895768562955,0.015406433492898941,0.02882099999999999,87.775,0.18172140884399415,57642
187,0.2776505671283032,0.23342188558679947,0.015407687766437835,0.02882099999999999,91.36875,0.12412251663208008,0.4234051927924156,0.3791751191020012,0.015409080311655998,0.02882099999999999,87.59166666666667,0.18255599466959635,57642
188,0.2817685369481432,0.23753684188457244,0.015410698811583062,0.02882099999999999,91.08541666666666,0.12677410332361858,0.42132356266180676,0.37709009150664013,0.015412488952279091,0.02882099999999999,87.95,0.17857878748575845,57642
189,0.2814347464987572,0.23719924085951866,0.01541451356829481,0.02882099999999999,91.09791666666666,0.12646827300389607,0.43008918811877567,0.3858517532547315,0.015416442416608334,0.02882099999999999,87.50833333333334,0.18486919911702474,57642
190,0.28048287585694737,0.23624388429712742,0.015417994852078723,0.02882099999999999,91.28541666666666,0.12594778267542522,0.4338696077466011,0.38962892442941666,0.015419702045619488,0.02882099999999999,87.875,0.18215415191650391,57642
191,0.2768585827756435,0.23261660717903299,0.015420978591638677,0.02882099999999999,91.34583333333333,0.12419686921437581,0.41812467326720554,0.37388121833403903,0.01542246900498867,0.02882099999999999,87.875,0.17843254725138347,57642
192,0.2787262629321281,0.23448097927773254,0.015424288393176616,0.02882099999999999,91.26458333333333,0.12554634459813435,0.4160401125748952,0.3717929621537526,0.015426171943545341,0.02882099999999999,87.80833333333334,0.1794480005900065,57642
193,0.28215175550034705,0.2379027341908597,0.015428026682360376,0.02882099999999999,91.15416666666667,0.12698203865687052,0.4210107972224553,0.3767598917086919,0.015429921448230743,0.02882099999999999,87.875,0.17773722712198894,57642
194,0.2789508560870556,0.2346983311024118,0.015431532259792723,0.02882099999999999,91.14583333333333,0.12562908363342284,0.4148033584157626,0.3705490256349246,0.015433330088853836,0.02882099999999999,88.11666666666666,0.17486082458496094,57642
195,0.27528968168065904,0.23103361687761673,0.01543506678748638,0.02882099999999999,91.44791666666667,0.1232906772295634,0.42136191328366596,0.37710412343343097,0.01543678529560566,0.02882099999999999,87.84166666666667,0.1790861167907715,57642
196,0.279013713940661,0.23475401071791954,0.01543870701038457,0.02882099999999999,91.18333333333334,0.1255333687464396,0.42038656522830326,0.3761250202854474,0.015440559946000576,0.02882099999999999,87.71666666666667,0.17740392812093098,57642
197,0.2776136813645667,0.23335027916634338,0.015442407135158143,0.02882099999999999,91.34375,0.12493880732854207,0.4117174744606018,0.3674521744251251,0.015444311313331127,0.02882099999999999,87.96666666666667,0.17715600331624348,57642
198,0.2743450530031894,0.23007783959520625,0.015446218245841086,0.02882099999999999,91.44791666666667,0.12297833267847696,0.4283505404988925,0.38408148537079495,0.015448051504790783,0.02882099999999999,87.85833333333333,0.18223179880777995,57642
199,0.2777641608994058,0.23349331668082704,0.015449847530652868,0.02882099999999999,91.25625,0.12457487996419271,0.4241172894835472,0.3798444792628288,0.015451808460056782,0.02882099999999999,87.66666666666667,0.18010189565022786,57642
200,0.27398509484656314,0.22971071398004572,0.015453384971206493,0.02882099999999999,91.51875,0.12209276866912842,0.41556735585133237,0.37129120777050656,0.015455169603228569,0.02882099999999999,87.81666666666666,0.17885931015014647,57642
